{"cameraMode":{"drawMode":0,"name":"Shaded","section":"Shading Mode"},"sceneLighting":true,"audioPlay":false,"sceneViewState":{"m_AlwaysRefresh":false,"showFog":true,"showSkybox":true,"showFlares":true,"showImageEffects":true,"showParticleSystems":true,"showVisualEffectGraphs":true,"m_FxEnabled":true},"in2DMode":false,"pivot":{"x":-0.8900706768035889,"y":3.090639591217041,"z":-3.282658100128174},"rotation":{"x":0.0013255353551357985,"y":0.9309999942779541,"z":-0.3651847541332245,"w":0.0036543146707117559},"size":2.9644784927368166,"orthographic":false}